image,predicted_text
plate (1).jpg,
plate (10).jpg,
plate (100).jpg,
plate (1000).jpg,GA02R2523
plate (1001).jpg,
plate (1002).jpg,0A03400023
plate (1003).jpg,
plate (1004).jpg,
plate (1005).jpg,GA03Z7380
plate (1006).jpg,GA03I2271
plate (1007).jpg,
plate (1008).jpg,
plate (1009).jpg,
plate (101).jpg,GA07P0836
plate (1010).jpg,GA03AFGA47
plate (1011).jpg,GA06K0755
plate (1012).jpg,GA03Y3118
plate (1013).jpg,GA0782011
plate (1014).jpg,GA03P0837
plate (1015).jpg,GA1043686
plate (1016).jpg,GA03Z7280
plate (1017).jpg,
plate (1018).jpg,
plate (1019).jpg,GA06K0755
plate (102).jpg,
plate (1020).jpg,GA03I3271
plate (1021).jpg,GA03AFGA47
plate (1022).jpg,
plate (1023).jpg,
plate (1024).jpg,GA03A0115
plate (1025).jpg,FG104E6350
plate (1026).jpg,GA07K1739
plate (1027).jpg,25887529J
plate (1028).jpg,GA11036
plate (1029).jpg,
plate (103).jpg,
plate (1030).jpg,GI0405577
plate (1031).jpg,
plate (1032).jpg,
plate (1033).jpg,GA03C5768
plate (1034).jpg,GA03AF0590
plate (1035).jpg,GA1147376
plate (1036).jpg,GA1145082
plate (1037).jpg,
plate (1038).jpg,GW7Y6212
plate (1039).jpg,GA04E6154
plate (104).jpg,8GA0376070
plate (1040).jpg,GI07P5028
plate (1041).jpg,
plate (1042).jpg,GA06K0755
plate (1043).jpg,
plate (1044).jpg,GI07LJ197
plate (1045).jpg,
plate (1046).jpg,GA03AF1402
plate (1047).jpg,
plate (1048).jpg,
plate (1049).jpg,GA03R2523
plate (105).jpg,GA03C3630
plate (1050).jpg,GI1147376
plate (1051).jpg,
plate (1052).jpg,GI117376
plate (1053).jpg,
plate (1054).jpg,
plate (1055).jpg,
plate (1056).jpg,
plate (1057).jpg,
plate (1058).jpg,G03R4453
plate (1059).jpg,GA0AEJ405
plate (106).jpg,010455777
plate (1060).jpg,
plate (1061).jpg,
plate (1062).jpg,
plate (1063).jpg,0AC5577
plate (1064).jpg,
plate (1065).jpg,GI03Z4224
plate (1066).jpg,5I03ITJ142
plate (1067).jpg,
plate (1068).jpg,
plate (1069).jpg,
plate (107).jpg,GA0787456
plate (1070).jpg,
plate (1071).jpg,
plate (1072).jpg,GA03Z1071
plate (1073).jpg,GA03I4787
plate (1074).jpg,CA03R5230
plate (1075).jpg,03Y6212
plate (1076).jpg,GA1147376
plate (1077).jpg,
plate (1078).jpg,GA034F6733
plate (1079).jpg,GK03Z0441
plate (108).jpg,GA03Z1071
plate (1080).jpg,
plate (1081).jpg,GA0303630
plate (1082).jpg,GA04C9552
plate (1083).jpg,GA04C9552
plate (1084).jpg,GA03C3630
plate (1085).jpg,GA09A8743
plate (1086).jpg,
plate (1087).jpg,
plate (1088).jpg,
plate (1089).jpg,GA03I3271
plate (109).jpg,GI03Z1021
plate (1090).jpg,GI034F5171
plate (1091).jpg,
plate (1092).jpg,25847629J
plate (1093).jpg,GA04C5577
plate (1094).jpg,GA07L3197
plate (1095).jpg,GA03R2523
plate (1096).jpg,GA03Y2924
plate (1097).jpg,GA07E2447
plate (1098).jpg,GA1147376
plate (1099).jpg,GA03407789
plate (11).jpg,
plate (110).jpg,
plate (1100).jpg,GA03IF7743
plate (1101).jpg,GA024FGA48
plate (1102).jpg,
plate (1103).jpg,
plate (1104).jpg,GA5E5852
plate (1105).jpg,GA05J0593
plate (1106).jpg,
plate (1107).jpg,GA03P0837
plate (1108).jpg,GA06K0755
plate (1109).jpg,GA03R5581
plate (111).jpg,
plate (1110).jpg,GA03R7113
plate (1111).jpg,GA03Z8634
plate (1112).jpg,
plate (1113).jpg,GA07E2252
plate (1114).jpg,GA01C8053
plate (1115).jpg,03Y6242
plate (1116).jpg,
plate (1117).jpg,
plate (1118).jpg,GA03AF1402
plate (1119).jpg,GA03Y5252
plate (112).jpg,
plate (1120).jpg,GA03AF1402
plate (1121).jpg,GA03Y5252
plate (1122).jpg,GA03Y5252
plate (1123).jpg,GA03AF1402
plate (1124).jpg,GA03Y5252
plate (1125).jpg,GA03AF1402
plate (1126).jpg,GH03HH
plate (1127).jpg,GA03AFGA48
plate (1128).jpg,GH03HH
plate (1129).jpg,GA03AFGA48
plate (113).jpg,GA03405589
plate (1130).jpg,GA03405589
plate (1131).jpg,GA03405589
plate (1132).jpg,F04489
plate (1133).jpg,
plate (1134).jpg,
plate (1135).jpg,
plate (1136).jpg,
plate (1137).jpg,
plate (1138).jpg,
plate (1139).jpg,CA03Y8673
plate (114).jpg,
plate (1140).jpg,GA03MH5011
plate (1141).jpg,
plate (1142).jpg,GA0707456
plate (1143).jpg,
plate (1144).jpg,GA1143489
plate (1145).jpg,GA034FGA48
plate (1146).jpg,GA02405589
plate (1147).jpg,
plate (1148).jpg,GAGAE3630
plate (1149).jpg,GA03Y8242
plate (115).jpg,
plate (1150).jpg,
plate (1151).jpg,G07P5028
plate (1152).jpg,GA03AF9538
plate (1153).jpg,
plate (1154).jpg,
plate (1155).jpg,GA03AF8280
plate (1156).jpg,
plate (1157).jpg,GA03Z2801
plate (1158).jpg,MH030U1277
plate (1159).jpg,
plate (116).jpg,
plate (1160).jpg,GI02IF1402
plate (1161).jpg,
plate (1162).jpg,GI6JIF22J
plate (1163).jpg,GA03AF1686
plate (1164).jpg,GA1043686
plate (1165).jpg,GA03Z7380
plate (1166).jpg,03PGA78
plate (1167).jpg,GA0707456
plate (1168).jpg,GA0405577
plate (1169).jpg,0A03C5763
plate (117).jpg,
plate (1170).jpg,HI3520
plate (1171).jpg,GA09A8743
plate (1172).jpg,
plate (1173).jpg,GA1143489
plate (1174).jpg,
plate (1175).jpg,
plate (1176).jpg,GA03R2781
plate (1177).jpg,GA04C9552
plate (1178).jpg,9A9652
plate (1179).jpg,
plate (118).jpg,
plate (1180).jpg,
plate (1181).jpg,GA03HC
plate (1182).jpg,
plate (1183).jpg,GA03AF1129
plate (1184).jpg,GA03C5768
plate (1185).jpg,GA07H7456
plate (1186).jpg,GA03AF1119
plate (1187).jpg,GA0747456
plate (1188).jpg,
plate (1189).jpg,GA03AF1119
plate (119).jpg,GK04C9552
plate (1190).jpg,G07N7456
plate (1193).jpg,
plate (1194).jpg,GA04C5577
plate (1195).jpg,258H76291
plate (1196).jpg,GA03AF1871
plate (12).jpg,GI03Z7380
plate (120).jpg,
plate (121).jpg,
plate (122).jpg,
plate (123).jpg,GI04C9552
plate (124).jpg,
plate (125).jpg,
plate (126).jpg,GA03405589
plate (127).jpg,03Y2630
plate (128).jpg,GA03AFGA48
plate (129).jpg,GA024FGA48
plate (13).jpg,
plate (130).jpg,
plate (131).jpg,
plate (132).jpg,GI03V8323
plate (133).jpg,
plate (134).jpg,006F8035
plate (135).jpg,GA1I4348
plate (136).jpg,
plate (137).jpg,GA03AF7743
plate (138).jpg,GI034FGA48
plate (139).jpg,GA03AF1402
plate (14).jpg,
plate (140).jpg,GA03R1453
plate (141).jpg,
plate (142).jpg,GA03Y1117
plate (143).jpg,GA03400125
plate (144).jpg,GA03Y5252
plate (145).jpg,
plate (146).jpg,GA04E3584
plate (147).jpg,
plate (148).jpg,
plate (149).jpg,GA03AFGA48
plate (15).jpg,007757
plate (150).jpg,0AE3584
plate (151).jpg,
plate (152).jpg,GA1044550
plate (153).jpg,GA03C5768
plate (154).jpg,GA1047708
plate (155).jpg,03Y6242
plate (156).jpg,
plate (157).jpg,03Y5252
plate (158).jpg,GA07N7456
plate (159).jpg,
plate (16).jpg,GR03R52J0
plate (160).jpg,GA1147376
plate (161).jpg,GA09A8743
plate (162).jpg,
plate (163).jpg,
plate (164).jpg,30C9552
plate (165).jpg,
plate (166).jpg,
plate (167).jpg,
plate (168).jpg,GA06F8033
plate (169).jpg,GA044J569
plate (17).jpg,
plate (170).jpg,GA03AFJ143
plate (171).jpg,GA03AF1402
plate (172).jpg,GA03AFGA48
plate (173).jpg,GA03AFGA48
plate (174).jpg,GA03AF1402
plate (175).jpg,GA03AF1149
plate (176).jpg,GK04E5323
plate (177).jpg,
plate (178).jpg,GA1147376
plate (179).jpg,GA04E3584
plate (18).jpg,GA05J0593
plate (180).jpg,GA03Y2530
plate (181).jpg,GA117376
plate (182).jpg,GA1144550
plate (183).jpg,GA03405589
plate (184).jpg,GA04E3584
plate (185).jpg,GA1107376
plate (186).jpg,GA03Y5252
plate (187).jpg,
plate (188).jpg,GA0707456
plate (189).jpg,
plate (19).jpg,GA06F8033
plate (190).jpg,
plate (191).jpg,
plate (192).jpg,034Y4702
plate (193).jpg,0A02L2689
plate (194).jpg,
plate (195).jpg,GA04H2526
plate (196).jpg,GA07P5028
plate (197).jpg,GA03AF5177
plate (198).jpg,
plate (199).jpg,XA01HX2405
plate (2).jpg,GI03IF1EAE
plate (20).jpg,GA03P9413
plate (200).jpg,
plate (201).jpg,GA0373271
plate (202).jpg,GA1043686
plate (203).jpg,GA05J0593
plate (204).jpg,GA03AFGA47
plate (205).jpg,
plate (206).jpg,GAAFGA47
plate (207).jpg,
plate (208).jpg,GA03Y6242
plate (209).jpg,GA034F9538
plate (21).jpg,2G10083569
plate (210).jpg,GA03405146
plate (211).jpg,
plate (212).jpg,
plate (213).jpg,
plate (214).jpg,
plate (215).jpg,GA03C5768
plate (216).jpg,GA1147708
plate (217).jpg,
plate (218).jpg,HH02GE4458
plate (219).jpg,GA03P8750
plate (22).jpg,GA0782011
plate (220).jpg,
plate (221).jpg,GA03405146
plate (222).jpg,G034F9538
plate (223).jpg,GA020110
plate (224).jpg,
plate (225).jpg,GA03Z8634
plate (226).jpg,
plate (227).jpg,GA03P9413
plate (228).jpg,
plate (229).jpg,
plate (23).jpg,GA04H2718
plate (230).jpg,
plate (231).jpg,HR268K6151
plate (232).jpg,0A03I4147
plate (233).jpg,HR268K8151
plate (234).jpg,01024G9528
plate (235).jpg,
plate (236).jpg,GA025140
plate (237).jpg,
plate (238).jpg,
plate (239).jpg,
plate (24).jpg,
plate (240).jpg,NH02GE4458
plate (241).jpg,GACJY2630
plate (242).jpg,
plate (243).jpg,GA7173489
plate (244).jpg,
plate (245).jpg,GA03AN002
plate (246).jpg,GA034F7743
plate (247).jpg,
plate (248).jpg,GA1043686
plate (249).jpg,GA03Z7280
plate (25).jpg,GA04H2526
plate (250).jpg,
plate (251).jpg,GI03Z7380
plate (252).jpg,
plate (253).jpg,
plate (254).jpg,EG04GA4
plate (255).jpg,03Y4782
plate (256).jpg,GA037070
plate (257).jpg,GA03C3630
plate (258).jpg,GA1147708
plate (259).jpg,8A03Y4782
plate (26).jpg,GA034F9634
plate (260).jpg,
plate (261).jpg,
plate (262).jpg,03Y6242
plate (263).jpg,GA04C9552
plate (264).jpg,GA1147376
plate (265).jpg,
plate (266).jpg,GA1142176
plate (267).jpg,
plate (268).jpg,GA03AF
plate (269).jpg,GA1143489
plate (27).jpg,GU02P5028
plate (270).jpg,GA03AF1402
plate (271).jpg,GI034F8830
plate (272).jpg,GA03Z1071
plate (273).jpg,GA0303630
plate (274).jpg,GA04C9552
plate (275).jpg,GA03Z4734
plate (276).jpg,GA07I2326
plate (277).jpg,GA03Y6070
plate (278).jpg,
plate (279).jpg,IIA8428
plate (28).jpg,
plate (280).jpg,GA03C5768
plate (281).jpg,01031155
plate (282).jpg,
plate (283).jpg,GA03R4449
plate (284).jpg,GA03Y5252
plate (285).jpg,GA03R4449
plate (286).jpg,
plate (287).jpg,AM9502
plate (288).jpg,GA04H27X8
plate (289).jpg,AU7P5028
plate (29).jpg,GA03Z8634
plate (290).jpg,GA03Y4787
plate (291).jpg,GA03AF3852
plate (292).jpg,GA03AF9634
plate (293).jpg,GA03Y3418
plate (294).jpg,0106F8033
plate (295).jpg,GAGMH2526
plate (296).jpg,
plate (297).jpg,
plate (298).jpg,GA03P9413
plate (299).jpg,GA02Y7631
plate (3).jpg,
plate (30).jpg,GA03R7113
plate (300).jpg,GA05J0593
plate (301).jpg,GA03Y3271
plate (302).jpg,
plate (303).jpg,0A03Z7380
plate (304).jpg,GA03443505
plate (305).jpg,
plate (306).jpg,GA07P0836
plate (307).jpg,
plate (308).jpg,
plate (309).jpg,
plate (31).jpg,GA03R5587
plate (310).jpg,
plate (311).jpg,GA1147708
plate (312).jpg,8A03Y4782
plate (313).jpg,
plate (314).jpg,
plate (315).jpg,
plate (316).jpg,
plate (317).jpg,GA1145082
plate (318).jpg,
plate (319).jpg,GA1142176
plate (32).jpg,
plate (320).jpg,
plate (321).jpg,
plate (322).jpg,GA1143489
plate (323).jpg,GA03AF1402
plate (324).jpg,GI0376070
plate (325).jpg,GA03Z1071
plate (326).jpg,GA0787456
plate (327).jpg,
plate (328).jpg,GA04C5577
plate (329).jpg,GA034F7743
plate (33).jpg,GA03C5768
plate (330).jpg,GA07L5173
plate (331).jpg,GI034FGA48
plate (332).jpg,GA03Y5252
plate (333).jpg,
plate (334).jpg,GA03C5768
plate (335).jpg,
plate (336).jpg,
plate (337).jpg,
plate (338).jpg,GA04H2718
plate (339).jpg,GA0384787
plate (34).jpg,GA07I4226
plate (340).jpg,GA02P5028
plate (341).jpg,GA05J1747
plate (342).jpg,GA03AF3852
plate (343).jpg,A5R5EJU
plate (344).jpg,GA04H2526
plate (345).jpg,GA03Z0634
plate (346).jpg,GA6F803J
plate (347).jpg,GA03P94J3
plate (348).jpg,
plate (349).jpg,GA05J1747
plate (35).jpg,GA04C5577
plate (350).jpg,0A05I0593
plate (351).jpg,GI04H2526
plate (352).jpg,GA06K0755
plate (353).jpg,
plate (354).jpg,GA06F8033
plate (355).jpg,
plate (356).jpg,
plate (357).jpg,CG03E102
plate (358).jpg,G03AF1119
plate (359).jpg,GA03C36J0
plate (36).jpg,GA03475589
plate (360).jpg,
plate (361).jpg,
plate (362).jpg,GA03Y6242
plate (363).jpg,
plate (364).jpg,
plate (365).jpg,
plate (366).jpg,
plate (367).jpg,GA0303630
plate (368).jpg,
plate (369).jpg,GA0605215
plate (37).jpg,GA1143489
plate (370).jpg,
plate (371).jpg,
plate (372).jpg,GA03I5252
plate (373).jpg,EG03F0995
plate (374).jpg,
plate (375).jpg,
plate (376).jpg,GA02E8448
plate (377).jpg,GA02E8448
plate (378).jpg,
plate (379).jpg,
plate (38).jpg,GA1142176
plate (380).jpg,GA04C9552
plate (381).jpg,GA02C3630
plate (382).jpg,
plate (383).jpg,003025
plate (384).jpg,
plate (385).jpg,GA1147376
plate (386).jpg,
plate (387).jpg,
plate (388).jpg,
plate (389).jpg,
plate (39).jpg,
plate (390).jpg,0106K0755
plate (391).jpg,GA1043686
plate (392).jpg,EC403R5430
plate (393).jpg,
plate (394).jpg,0A03PGA70
plate (395).jpg,
plate (396).jpg,GA06K0755
plate (397).jpg,
plate (398).jpg,GA03Y3271
plate (399).jpg,GA03Z7380
plate (4).jpg,GA1145082
plate (40).jpg,GA03Y8630
plate (400).jpg,GA04H2218
plate (401).jpg,GA03Y4787
plate (402).jpg,
plate (403).jpg,
plate (404).jpg,GA03AF9634
plate (405).jpg,
plate (406).jpg,GA04H2526
plate (407).jpg,GA05J0593
plate (408).jpg,GA03Y7631
plate (409).jpg,GI025028
plate (41).jpg,
plate (410).jpg,
plate (411).jpg,GA03Z8634
plate (412).jpg,GA03R5581
plate (413).jpg,GA05F5674
plate (414).jpg,GA04H2718
plate (415).jpg,GA0384787
plate (416).jpg,GA04H2718
plate (417).jpg,GA0384787
plate (418).jpg,
plate (419).jpg,GA04HZ5261
plate (42).jpg,
plate (420).jpg,GA03Z1071
plate (421).jpg,GA07L5173
plate (422).jpg,GA03A0558
plate (423).jpg,
plate (424).jpg,GA04HZ5261
plate (425).jpg,GA05J0593
plate (426).jpg,
plate (427).jpg,GA05J0593
plate (428).jpg,
plate (429).jpg,GA05J0593
plate (43).jpg,GA03Z9676
plate (430).jpg,GA07P5028
plate (431).jpg,
plate (432).jpg,GA05J0593
plate (433).jpg,GA07P5028
plate (434).jpg,
plate (435).jpg,GA05F5674
plate (436).jpg,GA03R5581
plate (437).jpg,GA05F5674
plate (438).jpg,GA03R5581
plate (439).jpg,GA1043686
plate (44).jpg,GA03Z9676
plate (440).jpg,GA03R5430
plate (441).jpg,PGA06K
plate (442).jpg,GI0505215
plate (443).jpg,GA1043686
plate (444).jpg,GA03R5430
plate (445).jpg,PGA06K
plate (446).jpg,GI0505215
plate (447).jpg,GA603P0837
plate (448).jpg,GA03PGA78
plate (449).jpg,
plate (45).jpg,0A0578620
plate (450).jpg,
plate (451).jpg,
plate (452).jpg,GA603P0837
plate (453).jpg,GA03PGA78
plate (454).jpg,GA034F5177
plate (455).jpg,GA03AFGA47
plate (456).jpg,
plate (457).jpg,GA034F5177
plate (458).jpg,GA03AFGA47
plate (459).jpg,
plate (46).jpg,GA03AF1871
plate (460).jpg,GA03Z7280
plate (461).jpg,GA0303271
plate (462).jpg,GA03Z7280
plate (463).jpg,GA0303271
plate (464).jpg,GA03AF0996
plate (465).jpg,GA1VA8302
plate (466).jpg,GA03Y5252
plate (467).jpg,
plate (468).jpg,GA03AF0996
plate (469).jpg,GA1VA8302
plate (47).jpg,
plate (470).jpg,GA03Y5252
plate (471).jpg,
plate (472).jpg,
plate (473).jpg,GA0605215
plate (474).jpg,
plate (475).jpg,
plate (476).jpg,GA0605215
plate (477).jpg,
plate (478).jpg,GA1147376
plate (479).jpg,
plate (48).jpg,
plate (480).jpg,GA06F8033
plate (481).jpg,GA1147376
plate (482).jpg,
plate (483).jpg,GA1447708
plate (484).jpg,GA07L9295
plate (485).jpg,GA1447708
plate (486).jpg,GA07L9295
plate (487).jpg,
plate (488).jpg,GA07L9295
plate (489).jpg,
plate (49).jpg,GA03P8750
plate (490).jpg,
plate (491).jpg,GA07L9295
plate (492).jpg,
plate (493).jpg,GA03400125
plate (494).jpg,GA1147376
plate (495).jpg,
plate (496).jpg,GA03400125
plate (497).jpg,GA1147376
plate (498).jpg,
plate (499).jpg,GA1142176
plate (5).jpg,GA024H0125
plate (50).jpg,
plate (500).jpg,258H7629J
plate (501).jpg,
plate (502).jpg,GA1142176
plate (503).jpg,258H7629J
plate (504).jpg,
plate (505).jpg,GA1144550
plate (506).jpg,GA02AF1119
plate (507).jpg,GA03C3630
plate (508).jpg,GA1144550
plate (509).jpg,GA02AF1119
plate (51).jpg,
plate (510).jpg,GA03C3630
plate (511).jpg,GA0370429
plate (512).jpg,GA09A8743
plate (513).jpg,
plate (514).jpg,GA0370429
plate (515).jpg,GA09A8743
plate (516).jpg,
plate (517).jpg,GA1143489
plate (518).jpg,
plate (519).jpg,GA1143489
plate (52).jpg,
plate (520).jpg,
plate (521).jpg,07K1739
plate (522).jpg,GA03AF1115
plate (523).jpg,GA04C9552
plate (524).jpg,
plate (525).jpg,07K1739
plate (526).jpg,GA03AF1115
plate (527).jpg,GA04C9552
plate (528).jpg,GA073E8448
plate (529).jpg,GA024FGA48
plate (53).jpg,0709552
plate (530).jpg,GA03C5288
plate (531).jpg,GA073E8448
plate (532).jpg,GA024FGA48
plate (533).jpg,GA03C5288
plate (534).jpg,
plate (535).jpg,GA03Y3721
plate (536).jpg,GI07P5028
plate (537).jpg,
plate (538).jpg,G031F1686
plate (539).jpg,GA05J1747
plate (54).jpg,GA0784027
plate (540).jpg,
plate (541).jpg,GA03Y3721
plate (542).jpg,GA07E8448
plate (543).jpg,
plate (544).jpg,
plate (545).jpg,GA07E8448
plate (546).jpg,
plate (547).jpg,
plate (548).jpg,GA07E8448
plate (549).jpg,GA02AFGA48
plate (55).jpg,GA03475146
plate (550).jpg,
plate (551).jpg,GA07E8448
plate (552).jpg,GA02AFGA48
plate (553).jpg,
plate (554).jpg,GI07E2447
plate (555).jpg,GI034F0996
plate (556).jpg,
plate (557).jpg,GI07E2447
plate (558).jpg,GI034F0996
plate (559).jpg,
plate (56).jpg,MP09A5966
plate (560).jpg,GI03402918
plate (561).jpg,GA03F1402
plate (562).jpg,LH01C0294
plate (563).jpg,GA03Z0872
plate (564).jpg,GA03AFE119
plate (565).jpg,IGA03C
plate (566).jpg,
plate (567).jpg,
plate (568).jpg,
plate (569).jpg,GA05F5674
plate (57).jpg,
plate (570).jpg,GA03AFGA48
plate (571).jpg,GA03AF9538
plate (572).jpg,
plate (573).jpg,HH01CD2948
plate (574).jpg,
plate (575).jpg,
plate (576).jpg,IG1JC81
plate (577).jpg,
plate (578).jpg,
plate (579).jpg,
plate (58).jpg,
plate (580).jpg,0103Z0429
plate (581).jpg,GA03405589
plate (582).jpg,006242
plate (583).jpg,KH02CJ1850
plate (584).jpg,GA1147708
plate (585).jpg,GA02405589
plate (586).jpg,GA06D5215
plate (587).jpg,
plate (588).jpg,7G007708
plate (589).jpg,8V1544
plate (59).jpg,
plate (590).jpg,GA03R2523
plate (591).jpg,
plate (592).jpg,
plate (593).jpg,GA03R5581
plate (594).jpg,GA03R7113
plate (595).jpg,GA05J0593
plate (596).jpg,GA03A0012
plate (597).jpg,GA04C9552
plate (598).jpg,GA03Z0972
plate (599).jpg,I91050529
plate (6).jpg,GA03AF1871
plate (60).jpg,GA6ZZ9676
plate (600).jpg,GA1043686
plate (601).jpg,GA06K0755
plate (602).jpg,GA03R5130
plate (603).jpg,
plate (604).jpg,FG200220
plate (605).jpg,GA02I4027
plate (606).jpg,GA03P0837
plate (607).jpg,
plate (608).jpg,GA03AFGA42
plate (609).jpg,GA034F5177
plate (61).jpg,FG107K0466
plate (610).jpg,GA03Z4705
plate (611).jpg,
plate (612).jpg,0A03Z7380
plate (613).jpg,2040Z3271
plate (614).jpg,5A04H228
plate (615).jpg,GA03Y4787
plate (616).jpg,
plate (617).jpg,GI04H2526
plate (618).jpg,
plate (619).jpg,GA0378634
plate (62).jpg,GA03A0558
plate (620).jpg,
plate (621).jpg,GA04H2526
plate (622).jpg,
plate (623).jpg,GA04H2218
plate (624).jpg,GA03Y3118
plate (625).jpg,GA04H2718
plate (626).jpg,GA03P1896
plate (627).jpg,
plate (628).jpg,0105J0593
plate (629).jpg,GA03R558
plate (63).jpg,IA4550
plate (630).jpg,GA03Z8634
plate (631).jpg,GA05F5674
plate (632).jpg,GA0720
plate (633).jpg,GA05J0593
plate (634).jpg,GA05J0593
plate (635).jpg,GA07P5028
plate (636).jpg,GA04E0979
plate (637).jpg,
plate (638).jpg,GA02Z86J4
plate (639).jpg,GA05F567
plate (64).jpg,GA03C5768
plate (640).jpg,GA02L5173
plate (641).jpg,G03C5768
plate (642).jpg,GA03AN5589
plate (643).jpg,GA02C9552
plate (644).jpg,AM4501
plate (645).jpg,
plate (646).jpg,0A071523
plate (647).jpg,
plate (648).jpg,
plate (649).jpg,
plate (65).jpg,
plate (650).jpg,GA03Y7631
plate (651).jpg,
plate (652).jpg,GA05J747
plate (653).jpg,
plate (654).jpg,
plate (655).jpg,5I4147376
plate (656).jpg,
plate (657).jpg,
plate (658).jpg,258H7629J
plate (659).jpg,
plate (66).jpg,
plate (660).jpg,
plate (661).jpg,
plate (662).jpg,8A03Y8242
plate (663).jpg,GA03AM1118
plate (664).jpg,GA03AF4149
plate (665).jpg,052151
plate (666).jpg,
plate (667).jpg,07K1739
plate (668).jpg,GA04C9552
plate (669).jpg,GI10222
plate (67).jpg,GA03AF1871
plate (670).jpg,GA0541747
plate (671).jpg,
plate (672).jpg,
plate (673).jpg,GA03R6868
plate (674).jpg,GA0605215
plate (675).jpg,GA034F4686
plate (676).jpg,GK03R5430
plate (677).jpg,GA0ZI3271
plate (678).jpg,GA060545
plate (679).jpg,
plate (68).jpg,
plate (680).jpg,
plate (681).jpg,GA1043686
plate (682).jpg,GA03Z7380
plate (683).jpg,GA05E8893
plate (684).jpg,
plate (685).jpg,
plate (686).jpg,
plate (687).jpg,
plate (688).jpg,
plate (689).jpg,GA03Y4787
plate (69).jpg,
plate (690).jpg,
plate (691).jpg,GA0782011
plate (692).jpg,GA0581509
plate (693).jpg,GA0378634
plate (694).jpg,GA04H2526
plate (695).jpg,GA05J0593
plate (696).jpg,GA07P5028
plate (697).jpg,
plate (698).jpg,GA024200
plate (699).jpg,GA03P9413
plate (7).jpg,GA1043686
plate (70).jpg,GA03R6848
plate (700).jpg,GA0343448
plate (701).jpg,GA07P5020
plate (702).jpg,GA04E0979
plate (703).jpg,GA06K0755
plate (704).jpg,GA05J059
plate (705).jpg,GA03I3271
plate (706).jpg,GA034FGA47
plate (707).jpg,GI06F8032
plate (708).jpg,GI05J0593
plate (709).jpg,
plate (71).jpg,FGA0370746
plate (710).jpg,
plate (711).jpg,GA03R5581
plate (712).jpg,
plate (713).jpg,MH2716
plate (714).jpg,GA03Y4787
plate (715).jpg,
plate (716).jpg,GA0782011
plate (717).jpg,GA0581509
plate (718).jpg,GK03Z8634
plate (719).jpg,007H2525
plate (72).jpg,QA07K7001
plate (720).jpg,GA04H2718
plate (721).jpg,
plate (722).jpg,
plate (723).jpg,
plate (724).jpg,
plate (725).jpg,0AE0579
plate (726).jpg,GA05J0593
plate (727).jpg,GI07P5028
plate (728).jpg,GA06K0755
plate (729).jpg,GI07P5028
plate (73).jpg,
plate (730).jpg,GA06K0755
plate (731).jpg,GA07F0979
plate (732).jpg,GA03R7113
plate (733).jpg,GA0P9413
plate (734).jpg,CA03R5587
plate (735).jpg,
plate (736).jpg,GA03Y327
plate (737).jpg,EC103R5130
plate (738).jpg,GA1043686
plate (739).jpg,GA03Z7380
plate (74).jpg,FG102429
plate (740).jpg,GA1043686
plate (741).jpg,GI03AF6J47
plate (742).jpg,GI06E6893
plate (743).jpg,
plate (744).jpg,GK0327
plate (745).jpg,GA06D5215
plate (746).jpg,
plate (747).jpg,03R6840
plate (748).jpg,GA1147376
plate (749).jpg,GA03C3630
plate (75).jpg,
plate (750).jpg,GA03AF1119
plate (751).jpg,
plate (752).jpg,QA03T6242
plate (753).jpg,
plate (754).jpg,MK006896
plate (755).jpg,
plate (756).jpg,GA1IA2176
plate (757).jpg,
plate (758).jpg,
plate (759).jpg,
plate (76).jpg,GA0IR0119
plate (760).jpg,
plate (761).jpg,
plate (762).jpg,GA034FGA48
plate (763).jpg,GA03AF1402
plate (764).jpg,25847629J
plate (765).jpg,
plate (766).jpg,
plate (767).jpg,GA07L5173
plate (768).jpg,GA6500755
plate (769).jpg,
plate (77).jpg,HR26075700
plate (770).jpg,050755
plate (771).jpg,
plate (772).jpg,0A03Z0429
plate (773).jpg,
plate (774).jpg,
plate (775).jpg,
plate (776).jpg,
plate (777).jpg,
plate (778).jpg,
plate (779).jpg,GA0409552
plate (78).jpg,MH12477235
plate (780).jpg,
plate (781).jpg,
plate (782).jpg,GA1147376
plate (783).jpg,
plate (784).jpg,
plate (785).jpg,
plate (786).jpg,
plate (787).jpg,GA03AF1119
plate (788).jpg,
plate (789).jpg,
plate (79).jpg,
plate (790).jpg,GA03AF6733
plate (791).jpg,
plate (792).jpg,
plate (793).jpg,GI02475589
plate (794).jpg,GA03AFGA48
plate (795).jpg,GA0303139
plate (796).jpg,
plate (797).jpg,GA1147708
plate (798).jpg,
plate (799).jpg,
plate (8).jpg,GA06K0755
plate (80).jpg,NI205112
plate (800).jpg,
plate (801).jpg,
plate (802).jpg,GA1147376
plate (803).jpg,GA03C3630
plate (804).jpg,GA04C9552
plate (805).jpg,
plate (806).jpg,GA53Y6242
plate (807).jpg,
plate (808).jpg,GA04C9552
plate (809).jpg,MK07Q6896
plate (81).jpg,
plate (810).jpg,GI03IF6733
plate (811).jpg,GA1043686
plate (812).jpg,GI03Z7J80
plate (813).jpg,
plate (814).jpg,
plate (815).jpg,GM142708
plate (816).jpg,GI03Z3610
plate (817).jpg,GI03Z7380
plate (818).jpg,GI04H2526
plate (819).jpg,GA05J0593
plate (82).jpg,HH02CJ4850
plate (820).jpg,
plate (821).jpg,
plate (822).jpg,GA03PGA78
plate (823).jpg,GA034FGA47
plate (824).jpg,GA07K1739
plate (825).jpg,GA1147376
plate (826).jpg,
plate (827).jpg,
plate (828).jpg,7G104I2526
plate (829).jpg,GA05J0593
plate (83).jpg,NA12C0511
plate (830).jpg,
plate (831).jpg,2Q05J147
plate (832).jpg,GA06K0755
plate (833).jpg,GA0384787
plate (834).jpg,GA03403895
plate (835).jpg,GA03Z8634
plate (836).jpg,GA05J1747
plate (837).jpg,GA03R5430
plate (838).jpg,GA03P1896
plate (839).jpg,
plate (84).jpg,MH12CD5112
plate (840).jpg,GA0202001
plate (841).jpg,GA03Z8634
plate (842).jpg,GA07P5028
plate (843).jpg,
plate (844).jpg,0A03P9113
plate (845).jpg,GA03R5581
plate (846).jpg,
plate (847).jpg,GA0581509
plate (848).jpg,GA07L5173
plate (849).jpg,GA03AFGA48
plate (85).jpg,HH02GJ1850
plate (850).jpg,
plate (851).jpg,
plate (852).jpg,
plate (853).jpg,
plate (854).jpg,
plate (855).jpg,
plate (856).jpg,GK07I5073
plate (857).jpg,GA0303630
plate (858).jpg,GI04C5552
plate (859).jpg,GA04C5577
plate (86).jpg,GA02Y0746
plate (860).jpg,0A04C9552
plate (861).jpg,
plate (862).jpg,
plate (863).jpg,GA17J76
plate (864).jpg,0A03C3630
plate (865).jpg,GA031353
plate (866).jpg,
plate (867).jpg,
plate (868).jpg,GI1142276
plate (869).jpg,
plate (87).jpg,WD08D8054
plate (870).jpg,GIF11TT
plate (871).jpg,
plate (872).jpg,GATA2076
plate (873).jpg,GA02Z0429
plate (874).jpg,GA03400023
plate (875).jpg,M0246896
plate (876).jpg,GA04C9552
plate (877).jpg,
plate (878).jpg,258H7629J
plate (879).jpg,
plate (88).jpg,GJ190E7373
plate (880).jpg,
plate (881).jpg,
plate (882).jpg,
plate (883).jpg,
plate (884).jpg,GA1147708
plate (885).jpg,
plate (886).jpg,
plate (887).jpg,GA03Z7380
plate (888).jpg,GA1043686
plate (889).jpg,GA03IF7143
plate (89).jpg,
plate (890).jpg,
plate (891).jpg,
plate (892).jpg,GA0AEJ805
plate (893).jpg,GA03Z7280
plate (894).jpg,GA03I2271
plate (895).jpg,ME7526
plate (896).jpg,GA1043686
plate (897).jpg,
plate (898).jpg,GI03Z8610
plate (899).jpg,
plate (9).jpg,0A03Y3271
plate (90).jpg,
plate (900).jpg,GA03Z7380
plate (901).jpg,GA05J0593
plate (902).jpg,
plate (903).jpg,GA024FGA47
plate (904).jpg,GA03Z8610
plate (905).jpg,G3PGA78
plate (906).jpg,GA03403895
plate (907).jpg,
plate (908).jpg,GA0581509
plate (909).jpg,
plate (91).jpg,0103C572J
plate (910).jpg,GA02P1896
plate (911).jpg,GA03R5581
plate (912).jpg,GA03P1896
plate (913).jpg,2G10581509
plate (914).jpg,GA07P5020
plate (915).jpg,
plate (916).jpg,GA03R7113
plate (917).jpg,
plate (918).jpg,GI0581509
plate (919).jpg,GA06K0755
plate (92).jpg,GI034FJ4J
plate (920).jpg,
plate (921).jpg,CK07L5173
plate (922).jpg,GI03AF1402
plate (923).jpg,
plate (924).jpg,0A0321J1
plate (925).jpg,CC5762
plate (926).jpg,
plate (927).jpg,GA03Z7213
plate (928).jpg,GA03AF1402
plate (929).jpg,
plate (93).jpg,
plate (930).jpg,
plate (931).jpg,GA034F1402
plate (932).jpg,
plate (933).jpg,
plate (934).jpg,G03P8750
plate (935).jpg,
plate (936).jpg,
plate (937).jpg,
plate (938).jpg,GA1447795
plate (939).jpg,GA032317
plate (94).jpg,
plate (940).jpg,
plate (941).jpg,JI98E2373
plate (942).jpg,
plate (943).jpg,
plate (944).jpg,0A17708
plate (945).jpg,
plate (946).jpg,GA03Y8630
plate (947).jpg,
plate (948).jpg,GA03A0514
plate (949).jpg,GA03MH5146
plate (95).jpg,GI031F1J
plate (950).jpg,GA03405146
plate (951).jpg,GA0382271
plate (952).jpg,GA1043686
plate (953).jpg,GI03Z7180
plate (954).jpg,GA05J0593
plate (955).jpg,
plate (956).jpg,GA03Z7380
plate (957).jpg,
plate (958).jpg,GI04H2526
plate (959).jpg,
plate (96).jpg,
plate (960).jpg,
plate (961).jpg,
plate (962).jpg,
plate (963).jpg,GA06K0755
plate (964).jpg,GA05J1747
plate (965).jpg,GA0384787
plate (966).jpg,
plate (967).jpg,GA07E2447
plate (968).jpg,
plate (969).jpg,
plate (97).jpg,
plate (970).jpg,GA03403895
plate (971).jpg,GA05J1747
plate (972).jpg,GK0378634
plate (973).jpg,GA03R5130
plate (974).jpg,CA03Y7631
plate (975).jpg,GI07P5028
plate (976).jpg,
plate (977).jpg,JA03R5581
plate (978).jpg,
plate (979).jpg,GA03R7113
plate (98).jpg,EQJC2J
plate (980).jpg,
plate (981).jpg,GX07L5173
plate (982).jpg,GA034FGA48
plate (983).jpg,GA04C9552
plate (984).jpg,GA67L3197
plate (985).jpg,
plate (986).jpg,
plate (987).jpg,GA03405589
plate (988).jpg,GA03Z5252
plate (989).jpg,GA02Z5522
plate (99).jpg,
plate (990).jpg,
plate (991).jpg,
plate (992).jpg,
plate (993).jpg,
plate (994).jpg,
plate (995).jpg,
plate (996).jpg,GA0P9613
plate (997).jpg,GA03R7113
plate (998).jpg,GA03R5581
plate (999).jpg,
